country,Year,Population,Yearly %   Change,Yearly  Change,Density (P/Km²),Urban  Pop %,Urban Population,Country's Share of  World Pop,World Population,Rank
Cayman Islands,2020,65722,1.26 %,800,274,97.2 %,63890,0 %,7794798739,205
Cayman Islands,2025,69599,1.15 %,775,290,97.1 %,67599,0 %,8184437460,205
Cayman Islands,2030,73334,1.05 %,747,306,96.9 %,71059,0 %,8548487400,205
Cayman Islands,2035,76819,0.93 %,697,320,96.6 %,74215,0 %,8887524213,204
Cayman Islands,2040,79969,0.81 %,630,333,96.3 %,77006,0 %,9198847240,203
Cayman Islands,2045,82615,0.65 %,529,344,96.1 %,79401,0 %,9481803274,203
Cayman Islands,2050,84655,0.49 %,408,353,96.3 %,81488,0 %,9735033990,203
