country,Year,Population,Yearly %   Change,Yearly  Change,Migrants (net),Median Age,Fertility Rate,Density (P/Km²),Urban  Pop %,Urban Population,Country's Share of  World Pop,World Population,Rank
Democratic Republic Of The Congo,2020,89561403,3.27 %,2663372,23861,17.0,5.96,40,45.6 %,40848447,1.15 %,7794798739,16
Democratic Republic Of The Congo,2025,104133564,3.06 %,2914432,0,17.5,5.96,46,48.7 %,50722858,1.27 %,8184437460,15
Democratic Republic Of The Congo,2030,120046726,2.88 %,3182632,-15000,18.2,5.96,53,51.9 %,62343480,1.40 %,8548487400,15
Democratic Republic Of The Congo,2035,137336559,2.73 %,3457967,-15000,19.1,5.96,61,55.2 %,75772610,1.55 %,8887524213,12
Democratic Republic Of The Congo,2040,155725440,2.55 %,3677776,-15000,20.0,5.96,69,58.4 %,90960949,1.69 %,9198847240,10
Democratic Republic Of The Congo,2045,174895139,2.35 %,3833940,-15000,21.0,5.96,77,61.6 %,107740801,1.84 %,9481803274,10
Democratic Republic Of The Congo,2050,194488658,2.15 %,3918704, ,22.1,5.96,86,64.7 %,125931197,2.00 %,9735033990,10
