country,Year,Population,Yearly %   Change,Yearly  Change,Density (P/Km²),Urban  Pop %,Urban Population,Country's Share of  World Pop,World Population,Rank
Faeroe Islands,2020,48863,0.34 %,162,35,43.3 %,21155,0 %,7794798739,212
Faeroe Islands,2025,49819,0.39 %,191,36,44.4 %,22123,0 %,8184437460,212
Faeroe Islands,2030,50913,0.44 %,219,36,45.8 %,23311,0 %,8548487400,212
Faeroe Islands,2035,51926,0.39 %,203,37,47.5 %,24668,0 %,8887524213,212
Faeroe Islands,2040,52680,0.29 %,151,38,49.6 %,26105,0 %,9198847240,212
Faeroe Islands,2045,53140,0.17 %,92,38,51.9 %,27584,0 %,9481803274,213
Faeroe Islands,2050,53466,0.12 %,65,38,54.2 %,28992,0 %,9735033990,213
