country,Year,Population,Yearly %   Change,Yearly  Change,Density (P/Km²),Urban  Pop %,Urban Population,Country's Share of  World Pop,World Population,Rank
Falkland Islands Malvinas,2020,3480,4.19 %,129,0,66 %,2296,0 %,7794798739,232
Falkland Islands Malvinas,2025,3466,-0.08 %,-3,0,68 %,2358,0 %,8184437460,232
Falkland Islands Malvinas,2030,3436,-0.17 %,-6,0,69.8 %,2399,0 %,8548487400,232
Falkland Islands Malvinas,2035,3389,-0.28 %,-9,0,71.5 %,2422,0 %,8887524213,232
Falkland Islands Malvinas,2040,3339,-0.3 %,-10,0,73.1 %,2440,0 %,9198847240,232
Falkland Islands Malvinas,2045,3291,-0.29 %,-10,0,74.4 %,2448,0 %,9481803274,232
Falkland Islands Malvinas,2050,3243,-0.29 %,-10,0,75.8 %,2457,0 %,9735033990,232
