country,Year,Population,Yearly %   Change,Yearly  Change,Migrants (net),Median Age,Fertility Rate,Density (P/Km²),Urban  Pop %,Urban Population,Country's Share of  World Pop,World Population,Rank
Guadeloupe,2020,400124,-0.01 %,-26,-1440,43.7,2.17,237,N.A.,N.A.,0.01 %,7794798739,176
Guadeloupe,2025,399248,-0.04 %,-175,-1200,44.6,2.17,236,N.A.,N.A.,0.00 %,8184437460,178
Guadeloupe,2030,400246,0.05 %,200,-800,43.8,2.17,237,N.A.,N.A.,0.00 %,8548487400,178
Guadeloupe,2035,400677,0.02 %,86,-800,42.4,2.17,237,N.A.,N.A.,0.00 %,8887524213,180
Guadeloupe,2040,398342,-0.12 %,-467,-800,42.5,2.17,236,N.A.,N.A.,0.00 %,9198847240,181
Guadeloupe,2045,393355,-0.25 %,-997,-600,43.5,2.17,233,N.A.,N.A.,0.00 %,9481803274,181
Guadeloupe,2050,386922,-0.33 %,-1287, ,44.6,2.17,229,N.A.,N.A.,0.00 %,9735033990,181
