country,Year,Population,Yearly %   Change,Yearly  Change,Density (P/Km²),Urban  Pop %,Urban Population,Country's Share of  World Pop,World Population,Rank
Palau,2020,18094,0.48 %,86,39,N.A.,N.A.,0 %,7794798739,222
Palau,2025,18360,0.29 %,53,40,N.A.,N.A.,0 %,8184437460,222
Palau,2030,18476,0.13 %,23,40,N.A.,N.A.,0 %,8548487400,222
Palau,2035,18468,-0.01 %,-2,40,N.A.,N.A.,0 %,8887524213,222
Palau,2040,18324,-0.16 %,-29,40,N.A.,N.A.,0 %,9198847240,222
Palau,2045,18065,-0.28 %,-52,39,N.A.,N.A.,0 %,9481803274,222
Palau,2050,17718,-0.39 %,-69,39,N.A.,N.A.,0 %,9735033990,222
