country,Year,Population,Yearly %   Change,Yearly  Change,Density (P/Km²),Urban  Pop %,Urban Population,Country's Share of  World Pop,World Population,Rank
Saint Pierre And Miquelon,2020,5794,-0.67 %,-40,25,99.8 %,5784,0 %,7794798739,230
Saint Pierre And Miquelon,2025,5725,-0.24 %,-14,25,N.A.,N.A.,0 %,8184437460,230
Saint Pierre And Miquelon,2030,5677,-0.17 %,-10,25,N.A.,N.A.,0 %,8548487400,230
Saint Pierre And Miquelon,2035,5634,-0.15 %,-9,24,N.A.,N.A.,0 %,8887524213,230
Saint Pierre And Miquelon,2040,5560,-0.26 %,-15,24,N.A.,N.A.,0 %,9198847240,230
Saint Pierre And Miquelon,2045,5432,-0.46 %,-26,24,N.A.,N.A.,0 %,9481803274,230
Saint Pierre And Miquelon,2050,5247,-0.69 %,-37,23,N.A.,N.A.,0 %,9735033990,230
