country,Year,Population,Yearly %   Change,Yearly  Change,Migrants (net),Median Age,Fertility Rate,Density (P/Km²),Urban  Pop %,Urban Population,Country's Share of  World Pop,World Population,Rank
Saint Vincent And The Grenadines,2020,110940,0.33 %,358,-200,32.9,1.90,284,52.9 %,58737,0.00 %,7794798739,196
Saint Vincent And The Grenadines,2025,112261,0.24 %,264,-200,34.2,1.90,288,54.8 %,61573,0.00 %,8184437460,196
Saint Vincent And The Grenadines,2030,113038,0.14 %,155,-200,35.6,1.90,290,56.8 %,64229,0.00 %,8548487400,197
Saint Vincent And The Grenadines,2035,113135,0.02 %,19,-200,37.4,1.90,290,58.9 %,66669,0.00 %,8887524213,197
Saint Vincent And The Grenadines,2040,112478,-0.12 %,-131,-200,39.1,1.90,288,61.2 %,68879,0.00 %,9198847240,197
Saint Vincent And The Grenadines,2045,111100,-0.25 %,-276,-200,40.7,1.90,285,63.5 %,70556,0.00 %,9481803274,197
Saint Vincent And The Grenadines,2050,109113,-0.36 %,-397, ,42.0,1.90,280,65.7 %,71691,0.00 %,9735033990,198
