country,Year,Population,Yearly %   Change,Yearly  Change,Density (P/Km²),Urban  Pop %,Urban Population,Country's Share of  World Pop,World Population,Rank
Turks And Caicos Islands,2020,38717,1.48 %,547,41,89.3 %,34590,0 %,7794798739,215
Turks And Caicos Islands,2025,41232,1.27 %,503,43,90.2 %,37207,0 %,8184437460,214
Turks And Caicos Islands,2030,43606,1.13 %,475,46,90.8 %,39581,0 %,8548487400,214
Turks And Caicos Islands,2035,45781,0.98 %,435,48,91.1 %,41721,0 %,8887524213,214
Turks And Caicos Islands,2040,47640,0.8 %,372,50,91.4 %,43552,0 %,9198847240,214
Turks And Caicos Islands,2045,49139,0.62 %,300,52,91.7 %,45059,0 %,9481803274,215
Turks And Caicos Islands,2050,50273,0.46 %,227,53,92 %,46273,0 %,9735033990,215
