country,Year,Population,Yearly %   Change,Yearly  Change,Density (P/Km²),Urban  Pop %,Urban Population,Country's Share of  World Pop,World Population,Rank
Wallis And Futuna Islands,2020,11239,-1.73 %,-205,80,0 %,0,0 %,7794798739,226
Wallis And Futuna Islands,2025,10743,-0.9 %,-99,77,0 %,0,0 %,8184437460,227
Wallis And Futuna Islands,2030,10389,-0.67 %,-71,74,0 %,0,0 %,8548487400,227
Wallis And Futuna Islands,2035,10105,-0.55 %,-57,72,0 %,0,0 %,8887524213,228
Wallis And Futuna Islands,2040,9810,-0.59 %,-59,70,0 %,0,0 %,9198847240,228
Wallis And Futuna Islands,2045,9487,-0.67 %,-65,68,0 %,0,0 %,9481803274,228
Wallis And Futuna Islands,2050,9131,-0.76 %,-71,65,0 %,0,0 %,9735033990,228
